{
  "ids": {
    "Todo": 5,
    "TodoList": 3
  },
  "models": {
    "Todo": {
      "1": "{\"title\":\"Take over the galaxy\",\"desc\":\"MWAHAHAHAHAHAHAHAHAHAHAHAHAMWAHAHAHAHAHAHAHAHAHAHAHAHA\",\"todoListId\":1,\"id\":1}",
      "2": "{\"title\":\"destroy alderaan\",\"desc\":\"Make sure there are no survivors left!\",\"todoListId\":1,\"id\":2}",
      "3": "{\"title\":\"terrorize senate\",\"desc\":\"Tell them they're getting a budget cut.\",\"todoListId\":2,\"id\":3}",
      "4": "{\"title\":\"crush rebel scum\",\"desc\":\"Every.Last.One.\",\"todoListId\":1,\"id\":4}"
    },
    "TodoList": {
      "1": "{\"title\":\"Sith lord's check list\",\"lastModified\":\"a long time ago\",\"id\":1}",
      "2": "{\"title\":\"daily routine of POTUS\",\"lastModified\":\"2018-07-13\",\"id\":2}"
    }
  }
}
